image_name,tags
02bdec750.jpg,w_23a388d
02f250971.jpg,w_23a388d
03b6593e9.jpg,w_23a388d
043b78dc6.jpg,w_23a388d
09611f0c5.jpg,w_23a388d
0992af029.jpg,w_23a388d
0ec70b0df.jpg,w_23a388d
18f9ce2f9.jpg,w_23a388d
1cb8f292a.jpg,w_23a388d
2ac19e867.jpg,w_23a388d
2ae61890a.jpg,w_23a388d
300cf57a9.jpg,w_23a388d
303938df6.jpg,w_23a388d
358b56609.jpg,w_23a388d
382323730.jpg,w_23a388d
3b3483ba9.jpg,w_23a388d
3d5c45078.jpg,w_23a388d
3e53c9584.jpg,w_23a388d
3e8b8d8d9.jpg,w_23a388d
47071b59c.jpg,w_23a388d
4b2678972.jpg,w_23a388d
4f987e4b7.jpg,w_23a388d
51ae55704.jpg,w_23a388d
5a1ebb56b.jpg,w_23a388d
5af6fa8c1.jpg,w_23a388d
5f420b231.jpg,w_23a388d
5ff37ee82.jpg,w_23a388d
69823499d.jpg,w_23a388d
6c6d5d7a4.jpg,w_23a388d
792a67050.jpg,w_23a388d
7cd8b360c.jpg,w_23a388d
7dda85fa3.jpg,w_23a388d
7e82f92ee.jpg,w_23a388d
7fcb6ab12.jpg,w_23a388d
87ec4811e.jpg,w_23a388d
89b00d9a7.jpg,w_23a388d
8c18f5ef4.jpg,w_23a388d
8df98d110.jpg,w_23a388d
8e6d570e4.jpg,w_23a388d
8e7ab5a22.jpg,w_23a388d
919d58179.jpg,w_23a388d
972893a51.jpg,w_23a388d
9e658afa0.jpg,w_23a388d
9e924e18d.jpg,w_23a388d
a1270b8cc.jpg,w_23a388d
a18c6d91a.jpg,w_23a388d
a60e47c55.jpg,w_23a388d
a7ddfe7d9.jpg,w_23a388d
a97caed52.jpg,w_23a388d
ad70af04e.jpg,w_23a388d
b00a03bbd.jpg,w_23a388d
b1e325bec.jpg,w_23a388d
b7fb1af05.jpg,w_23a388d
bb55e13fa.jpg,w_23a388d
bf312b0c2.jpg,w_23a388d
bf84bad36.jpg,w_23a388d
c45e0efa6.jpg,w_23a388d
c4e291ada.jpg,w_23a388d
c619c79c6.jpg,w_23a388d
c79ce1999.jpg,w_23a388d
c818ad3e1.jpg,w_23a388d
cec27e4e3.jpg,w_23a388d
dae6e3bd7.jpg,w_23a388d
dbfe0e2b8.jpg,w_23a388d
dc5fccb0b.jpg,w_23a388d
dd36cbfd2.jpg,w_23a388d
debd3e310.jpg,w_23a388d
e16e10691.jpg,w_23a388d
e880a0ac6.jpg,w_23a388d
e9c90fa80.jpg,w_23a388d
eaa3332d8.jpg,w_23a388d
ede9d96eb.jpg,w_23a388d
f7169980c.jpg,w_23a388d
047f23339.jpg,w_9b5109b
076719457.jpg,w_9b5109b
07733181b.jpg,w_9b5109b
0812d57cd.jpg,w_9b5109b
0ae95cf70.jpg,w_9b5109b
1d3eb111b.jpg,w_9b5109b
25307411b.jpg,w_9b5109b
292ffe4c6.jpg,w_9b5109b
2e3e286e6.jpg,w_9b5109b
367150343.jpg,w_9b5109b
36ef0f133.jpg,w_9b5109b
37fefcb32.jpg,w_9b5109b
398e3a2ab.jpg,w_9b5109b
40057c4ee.jpg,w_9b5109b
444cdd71d.jpg,w_9b5109b
47cfc0f01.jpg,w_9b5109b
48837015b.jpg,w_9b5109b
488ebc78e.jpg,w_9b5109b
4ac2ba99f.jpg,w_9b5109b
4dc6796d4.jpg,w_9b5109b
503f485b7.jpg,w_9b5109b
515d6eb11.jpg,w_9b5109b
55b03d783.jpg,w_9b5109b
59ced9f36.jpg,w_9b5109b
626392399.jpg,w_9b5109b
6355c5641.jpg,w_9b5109b
712fc66f5.jpg,w_9b5109b
7225578ee.jpg,w_9b5109b
83ffb4b7a.jpg,w_9b5109b
84253bfed.jpg,w_9b5109b
84cf7bb4a.jpg,w_9b5109b
89803cf8e.jpg,w_9b5109b
8a36c79c4.jpg,w_9b5109b
8c0821d53.jpg,w_9b5109b
96b83ed11.jpg,w_9b5109b
9f6cc357a.jpg,w_9b5109b
a8739451e.jpg,w_9b5109b
ab09d2ec8.jpg,w_9b5109b
ad2a201f1.jpg,w_9b5109b
ae4973417.jpg,w_9b5109b
af5646a49.jpg,w_9b5109b
b70958f47.jpg,w_9b5109b
bac45c5f4.jpg,w_9b5109b
bbb78dde9.jpg,w_9b5109b
bcd3b6249.jpg,w_9b5109b
bdf1cd231.jpg,w_9b5109b
bf834ebcd.jpg,w_9b5109b
c20dccb8f.jpg,w_9b5109b
cd3937f27.jpg,w_9b5109b
d88b45bab.jpg,w_9b5109b
db1122cdf.jpg,w_9b5109b
dcc0c1ea2.jpg,w_9b5109b
ddda4a7cf.jpg,w_9b5109b
de8d2366f.jpg,w_9b5109b
e2c0d3bfe.jpg,w_9b5109b
e84a5cce0.jpg,w_9b5109b
ea294601d.jpg,w_9b5109b
f3d7fcab6.jpg,w_9b5109b
f40328013.jpg,w_9b5109b
f45061aff.jpg,w_9b5109b
f5dfddc24.jpg,w_9b5109b
f734f7cd3.jpg,w_9b5109b
f8620eaed.jpg,w_9b5109b
f9daed87f.jpg,w_9b5109b
fd7ee9b61.jpg,w_9b5109b
00570db6b.jpg,w_9c506f6
13a7495d5.jpg,w_9c506f6
15685f504.jpg,w_9c506f6
158c781a5.jpg,w_9c506f6
16977eb66.jpg,w_9c506f6
188b04c45.jpg,w_9c506f6
1e29532df.jpg,w_9c506f6
1ed34c38b.jpg,w_9c506f6
24100a9fc.jpg,w_9c506f6
252f32e5e.jpg,w_9c506f6
29fa5bbc5.jpg,w_9c506f6
2bc15d15b.jpg,w_9c506f6
34b1789a7.jpg,w_9c506f6
38d54d712.jpg,w_9c506f6
3cd828778.jpg,w_9c506f6
3e7cf4dab.jpg,w_9c506f6
44f592378.jpg,w_9c506f6
4904bdae4.jpg,w_9c506f6
5b14cb0d0.jpg,w_9c506f6
5d3948c2e.jpg,w_9c506f6
5efaee481.jpg,w_9c506f6
608f9b9e9.jpg,w_9c506f6
634cd019c.jpg,w_9c506f6
64d74fbbe.jpg,w_9c506f6
69504ab14.jpg,w_9c506f6
777c305a4.jpg,w_9c506f6
79f0f7196.jpg,w_9c506f6
810bb3989.jpg,w_9c506f6
82f7350f1.jpg,w_9c506f6
8493dc51b.jpg,w_9c506f6
876f9a8e2.jpg,w_9c506f6
960ead652.jpg,w_9c506f6
969277b89.jpg,w_9c506f6
9a839b9cb.jpg,w_9c506f6
a0ba92f44.jpg,w_9c506f6
a45d6d1f0.jpg,w_9c506f6
aa5dc4076.jpg,w_9c506f6
ad48edd04.jpg,w_9c506f6
b83b1103a.jpg,w_9c506f6
bb2c265fa.jpg,w_9c506f6
bffcb120b.jpg,w_9c506f6
c05ae6bf0.jpg,w_9c506f6
c5cc80b0c.jpg,w_9c506f6
c7f556dec.jpg,w_9c506f6
ccbb46d15.jpg,w_9c506f6
d0db93630.jpg,w_9c506f6
d11db7835.jpg,w_9c506f6
d1b09f72e.jpg,w_9c506f6
d4350a260.jpg,w_9c506f6
d4dd371d1.jpg,w_9c506f6
e212fd34c.jpg,w_9c506f6
e5990aea6.jpg,w_9c506f6
e6b1d3cdd.jpg,w_9c506f6
e6b70421a.jpg,w_9c506f6
e830ea113.jpg,w_9c506f6
e8ac232ce.jpg,w_9c506f6
e9bfe46e4.jpg,w_9c506f6
ea0de1825.jpg,w_9c506f6
f3442ed47.jpg,w_9c506f6
fa5327441.jpg,w_9c506f6
fc0b7d824.jpg,w_9c506f6
ffef89eed.jpg,w_9c506f6
00e9e5122.jpg,w_0369a5c
06ae83bbc.jpg,w_0369a5c
092ef02b8.jpg,w_0369a5c
12670516b.jpg,w_0369a5c
12f5ad5a6.jpg,w_0369a5c
1c11e4f25.jpg,w_0369a5c
20d4abba8.jpg,w_0369a5c
2bbad75d4.jpg,w_0369a5c
2bbfd538c.jpg,w_0369a5c
2d83b5312.jpg,w_0369a5c
317a126f4.jpg,w_0369a5c
3e69d7030.jpg,w_0369a5c
3f71f580d.jpg,w_0369a5c
44818fe41.jpg,w_0369a5c
47d949260.jpg,w_0369a5c
47f88ae6c.jpg,w_0369a5c
49c70a889.jpg,w_0369a5c
4fe46a8d0.jpg,w_0369a5c
54f1d85a8.jpg,w_0369a5c
61747578d.jpg,w_0369a5c
63478959b.jpg,w_0369a5c
683b3d7f5.jpg,w_0369a5c
6e2633c52.jpg,w_0369a5c
70029fb9f.jpg,w_0369a5c
730e38be3.jpg,w_0369a5c
77738baf5.jpg,w_0369a5c
7ef14a014.jpg,w_0369a5c
8180c1ef0.jpg,w_0369a5c
84c2cb2d6.jpg,w_0369a5c
85e9f9783.jpg,w_0369a5c
892e47884.jpg,w_0369a5c
8ab55e5fb.jpg,w_0369a5c
9473bce30.jpg,w_0369a5c
9af0cabb6.jpg,w_0369a5c
9d3a0bf95.jpg,w_0369a5c
9e1f7cc3c.jpg,w_0369a5c
a1051c478.jpg,w_0369a5c
a1052a97e.jpg,w_0369a5c
a2e01f223.jpg,w_0369a5c
a5c0823ba.jpg,w_0369a5c
a615d69f9.jpg,w_0369a5c
a7445912e.jpg,w_0369a5c
b26b048d7.jpg,w_0369a5c
b6dfbb60a.jpg,w_0369a5c
bd4eaa1cb.jpg,w_0369a5c
c3e675078.jpg,w_0369a5c
c5f4b73be.jpg,w_0369a5c
cdb4eb77e.jpg,w_0369a5c
cfa6a18a3.jpg,w_0369a5c
d18785462.jpg,w_0369a5c
db7638481.jpg,w_0369a5c
dfdf81315.jpg,w_0369a5c
e7eeaa6fc.jpg,w_0369a5c
e869fd969.jpg,w_0369a5c
ea9b1256f.jpg,w_0369a5c
f06c4e252.jpg,w_0369a5c
fc15595b3.jpg,w_0369a5c
fc5c296f8.jpg,w_0369a5c
fc5d04058.jpg,w_0369a5c
fd198e007.jpg,w_0369a5c
fddc28401.jpg,w_0369a5c
00910010d.jpg,w_700ebb4
0962efdb7.jpg,w_700ebb4
0c057c0a6.jpg,w_700ebb4
125b7d50d.jpg,w_700ebb4
126fc51b0.jpg,w_700ebb4
1399ea284.jpg,w_700ebb4
13eeebc33.jpg,w_700ebb4
1b40c89bd.jpg,w_700ebb4
2109ca990.jpg,w_700ebb4
2f4cb5edd.jpg,w_700ebb4
2fc45c933.jpg,w_700ebb4
34a75f58c.jpg,w_700ebb4
471e75940.jpg,w_700ebb4
47877d568.jpg,w_700ebb4
500bb560e.jpg,w_700ebb4
511540bb9.jpg,w_700ebb4
54232cda9.jpg,w_700ebb4
551915060.jpg,w_700ebb4
582316a38.jpg,w_700ebb4
5a122bd98.jpg,w_700ebb4
5b45ac53f.jpg,w_700ebb4
61dde2884.jpg,w_700ebb4
6276c95df.jpg,w_700ebb4
659087602.jpg,w_700ebb4
6d46ed5b8.jpg,w_700ebb4
6ef8c7049.jpg,w_700ebb4
73c746543.jpg,w_700ebb4
7b6e4a763.jpg,w_700ebb4
7f9be797b.jpg,w_700ebb4
819980ff5.jpg,w_700ebb4
870608e95.jpg,w_700ebb4
87e9576ae.jpg,w_700ebb4
8af345b21.jpg,w_700ebb4
8c97c8b7c.jpg,w_700ebb4
90ed53864.jpg,w_700ebb4
92d5a33c0.jpg,w_700ebb4
9682bf496.jpg,w_700ebb4
9da969f80.jpg,w_700ebb4
a290b92a7.jpg,w_700ebb4
a4ba2b68b.jpg,w_700ebb4
a6c17cb16.jpg,w_700ebb4
a77256a87.jpg,w_700ebb4
a7e25cad5.jpg,w_700ebb4
b6924fbe5.jpg,w_700ebb4
b93ae246c.jpg,w_700ebb4
c1c1d87f8.jpg,w_700ebb4
c669a3706.jpg,w_700ebb4
ccdf0db5e.jpg,w_700ebb4
cd1b7a956.jpg,w_700ebb4
da3529684.jpg,w_700ebb4
e6233417f.jpg,w_700ebb4
e95704629.jpg,w_700ebb4
eb1fc99f2.jpg,w_700ebb4
ef23b47ad.jpg,w_700ebb4
f029b430a.jpg,w_700ebb4
f44c6c117.jpg,w_700ebb4
f73e133a3.jpg,w_700ebb4
004e8ad5b.jpg,w_3de579a
01598711e.jpg,w_3de579a
0b38cb192.jpg,w_3de579a
0d94bdad3.jpg,w_3de579a
16a7f84e7.jpg,w_3de579a
34b486a84.jpg,w_3de579a
36deaa67e.jpg,w_3de579a
396b9f681.jpg,w_3de579a
3a601f297.jpg,w_3de579a
3d017af02.jpg,w_3de579a
4ad214501.jpg,w_3de579a
4b6831b73.jpg,w_3de579a
4cdb8c8dc.jpg,w_3de579a
538eb9102.jpg,w_3de579a
58f61e7f4.jpg,w_3de579a
594c893fe.jpg,w_3de579a
600c5b230.jpg,w_3de579a
61ff7c6c5.jpg,w_3de579a
634352a67.jpg,w_3de579a
67a2a784d.jpg,w_3de579a
6a2de0eb2.jpg,w_3de579a
6f5d7c6cf.jpg,w_3de579a
7100b64f2.jpg,w_3de579a
76a9dee30.jpg,w_3de579a
7da7f8bb9.jpg,w_3de579a
7fb338aa0.jpg,w_3de579a
802681c94.jpg,w_3de579a
82b7870b8.jpg,w_3de579a
948e6400e.jpg,w_3de579a
94cb521fb.jpg,w_3de579a
997ce1a3b.jpg,w_3de579a
a32a76da7.jpg,w_3de579a
a7f1e6b35.jpg,w_3de579a
ab7d8bc1f.jpg,w_3de579a
afa597a42.jpg,w_3de579a
b0b117487.jpg,w_3de579a
ba50a7085.jpg,w_3de579a
bd22cbbb2.jpg,w_3de579a
bd7699aea.jpg,w_3de579a
bd9bd86eb.jpg,w_3de579a
c403395bd.jpg,w_3de579a
c563eaac6.jpg,w_3de579a
c64cabd50.jpg,w_3de579a
c9d7494b1.jpg,w_3de579a
d2afdd82f.jpg,w_3de579a
d7dfd581d.jpg,w_3de579a
e001ea7da.jpg,w_3de579a
e202c4c10.jpg,w_3de579a
e4a33b602.jpg,w_3de579a
e6bfde781.jpg,w_3de579a
f7b59dced.jpg,w_3de579a
f81e84cb3.jpg,w_3de579a
f97d3760c.jpg,w_3de579a
fe7a2b654.jpg,w_3de579a
040da527c.jpg,w_564a34b
0716fb02e.jpg,w_564a34b
223bdaa94.jpg,w_564a34b
252a17791.jpg,w_564a34b
3612c5daf.jpg,w_564a34b
3aa9992cc.jpg,w_564a34b
3fd1df9b0.jpg,w_564a34b
41fed9cca.jpg,w_564a34b
447b48dad.jpg,w_564a34b
45a225765.jpg,w_564a34b
462152c16.jpg,w_564a34b
49d05c131.jpg,w_564a34b
4b3abf879.jpg,w_564a34b
4b8212256.jpg,w_564a34b
4d5d6461e.jpg,w_564a34b
60ae815d1.jpg,w_564a34b
72247654d.jpg,w_564a34b
75385c608.jpg,w_564a34b
7575985c5.jpg,w_564a34b
7a3455765.jpg,w_564a34b
7c1501aca.jpg,w_564a34b
83d05e445.jpg,w_564a34b
85af2f596.jpg,w_564a34b
877e3feda.jpg,w_564a34b
89afd1952.jpg,w_564a34b
89b1d7488.jpg,w_564a34b
8ee36c58f.jpg,w_564a34b
8f60e88d2.jpg,w_564a34b
a31637702.jpg,w_564a34b
a79868dfc.jpg,w_564a34b
ac8f4c811.jpg,w_564a34b
bf64daaf2.jpg,w_564a34b
c1328cf1f.jpg,w_564a34b
c3c2680a5.jpg,w_564a34b
cb4537960.jpg,w_564a34b
d44df0462.jpg,w_564a34b
d8406b10f.jpg,w_564a34b
d9e958ed9.jpg,w_564a34b
dc55f0f7e.jpg,w_564a34b
dcff666f1.jpg,w_564a34b
dd177de7c.jpg,w_564a34b
de2bb31ef.jpg,w_564a34b
e05883983.jpg,w_564a34b
e1e3241a2.jpg,w_564a34b
e3fba61f1.jpg,w_564a34b
ed77166d6.jpg,w_564a34b
f0423128b.jpg,w_564a34b
f20ea5c3a.jpg,w_564a34b
f732923a1.jpg,w_564a34b
f8525b717.jpg,w_564a34b
fd5f8215b.jpg,w_564a34b
0779b9586.jpg,w_fd3e556
0b92d79c0.jpg,w_fd3e556
0d3e8320a.jpg,w_fd3e556
16666fe8c.jpg,w_fd3e556
175374a41.jpg,w_fd3e556
1ab5c3713.jpg,w_fd3e556
1dc5372ac.jpg,w_fd3e556
2d1f20f76.jpg,w_fd3e556
2f7f0b9c7.jpg,w_fd3e556
3bbc8885f.jpg,w_fd3e556
45e3e7af9.jpg,w_fd3e556
4686f6a46.jpg,w_fd3e556
49cacb853.jpg,w_fd3e556
511834bc3.jpg,w_fd3e556
5336ac99b.jpg,w_fd3e556
5e1e740c7.jpg,w_fd3e556
5fa077c35.jpg,w_fd3e556
6672b2f79.jpg,w_fd3e556
7482707a6.jpg,w_fd3e556
7845b7ad8.jpg,w_fd3e556
79428bc04.jpg,w_fd3e556
81787a873.jpg,w_fd3e556
81b79b1fd.jpg,w_fd3e556
8cfcac09c.jpg,w_fd3e556
9160a128d.jpg,w_fd3e556
931a21ac9.jpg,w_fd3e556
95acd37b5.jpg,w_fd3e556
9d7e111ce.jpg,w_fd3e556
a7422cdb0.jpg,w_fd3e556
a80028528.jpg,w_fd3e556
ace48fa72.jpg,w_fd3e556
b065a0fdc.jpg,w_fd3e556
b1a0233cd.jpg,w_fd3e556
b3a043eaf.jpg,w_fd3e556
b4dbccd8c.jpg,w_fd3e556
b94ef9da5.jpg,w_fd3e556
bbc6c600a.jpg,w_fd3e556
bcdeb1b71.jpg,w_fd3e556
bd6094397.jpg,w_fd3e556
be52b468f.jpg,w_fd3e556
c82d2f74d.jpg,w_fd3e556
cba4a8d17.jpg,w_fd3e556
cd4b8f33f.jpg,w_fd3e556
cef737715.jpg,w_fd3e556
cfabe1bfc.jpg,w_fd3e556
d80b099d4.jpg,w_fd3e556
da3eb9685.jpg,w_fd3e556
e911264d0.jpg,w_fd3e556
f362b4aac.jpg,w_fd3e556
f82f93c15.jpg,w_fd3e556
0988114af.jpg,w_88e4537
0dad7f7d5.jpg,w_88e4537
11835e311.jpg,w_88e4537
1acc3891c.jpg,w_88e4537
1eef410a0.jpg,w_88e4537
20881b405.jpg,w_88e4537
258679fcf.jpg,w_88e4537
259f655d8.jpg,w_88e4537
26848a109.jpg,w_88e4537
2f802dce2.jpg,w_88e4537
366cfc070.jpg,w_88e4537
379e2ac24.jpg,w_88e4537
3bfada2d2.jpg,w_88e4537
40bb25e45.jpg,w_88e4537
41c5ada61.jpg,w_88e4537
525e00d3b.jpg,w_88e4537
545ccd2cb.jpg,w_88e4537
556e204e1.jpg,w_88e4537
6132f858d.jpg,w_88e4537
680070ef1.jpg,w_88e4537
6a211f628.jpg,w_88e4537
6aa72317e.jpg,w_88e4537
735964710.jpg,w_88e4537
7677ef3c5.jpg,w_88e4537
77977d043.jpg,w_88e4537
781872507.jpg,w_88e4537
858602a7d.jpg,w_88e4537
8aca1060a.jpg,w_88e4537
8e09d2150.jpg,w_88e4537
984094265.jpg,w_88e4537
a3d3455ca.jpg,w_88e4537
b546e31fc.jpg,w_88e4537
bc84b08f1.jpg,w_88e4537
beb52d9f4.jpg,w_88e4537
c33c39ca7.jpg,w_88e4537
cfef9276f.jpg,w_88e4537
d1525a470.jpg,w_88e4537
d30992acb.jpg,w_88e4537
d354eccc8.jpg,w_88e4537
d753c6a96.jpg,w_88e4537
db1f2e9e4.jpg,w_88e4537
e990bcf97.jpg,w_88e4537
eadf6af45.jpg,w_88e4537
f0109bc35.jpg,w_88e4537
f187a1ca7.jpg,w_88e4537
f6084a1aa.jpg,w_88e4537
f6321c36a.jpg,w_88e4537
f6ddf279f.jpg,w_88e4537
fa5211df9.jpg,w_88e4537
1d40374cf.jpg,w_2b069ba
22fcb5a67.jpg,w_2b069ba
23351a9cd.jpg,w_2b069ba
234c0f055.jpg,w_2b069ba
2b6085d9c.jpg,w_2b069ba
2ca3c31d3.jpg,w_2b069ba
2d37f3444.jpg,w_2b069ba
2e2107b1d.jpg,w_2b069ba
3885f5f58.jpg,w_2b069ba
3c08f5eda.jpg,w_2b069ba
44ec79568.jpg,w_2b069ba
451bda32b.jpg,w_2b069ba
4633315ca.jpg,w_2b069ba
4d4f4ad11.jpg,w_2b069ba
4d9488f38.jpg,w_2b069ba
5676e0ce2.jpg,w_2b069ba
610fee532.jpg,w_2b069ba
614836cf8.jpg,w_2b069ba
62c825522.jpg,w_2b069ba
697edaf1d.jpg,w_2b069ba
71b29f9a5.jpg,w_2b069ba
7919aa309.jpg,w_2b069ba
7f4a51f88.jpg,w_2b069ba
7f67b5cdb.jpg,w_2b069ba
812fc06a1.jpg,w_2b069ba
913e4be17.jpg,w_2b069ba
9d55d3372.jpg,w_2b069ba
a25dfe8e9.jpg,w_2b069ba
a366853d8.jpg,w_2b069ba
a6c4cab26.jpg,w_2b069ba
a858bcec5.jpg,w_2b069ba
b2db5d2f6.jpg,w_2b069ba
becb0e860.jpg,w_2b069ba
ca2db876c.jpg,w_2b069ba
d087298f3.jpg,w_2b069ba
d4b92316c.jpg,w_2b069ba
d4e9f66be.jpg,w_2b069ba
d798eef57.jpg,w_2b069ba
dff369521.jpg,w_2b069ba
e90d79193.jpg,w_2b069ba
ee528e411.jpg,w_2b069ba
f004d6421.jpg,w_2b069ba
f318a838c.jpg,w_2b069ba
f382a4455.jpg,w_2b069ba
f4921d87d.jpg,w_2b069ba
f726c94fc.jpg,w_2b069ba
fc505b1fe.jpg,w_2b069ba
fde9b67f0.jpg,w_2b069ba
02c0b227e.jpg,w_d405854
16e62d1a1.jpg,w_d405854
1938eedc2.jpg,w_d405854
1d0eccc44.jpg,w_d405854
2ac595429.jpg,w_d405854
2f0b9f7ef.jpg,w_d405854
36c5a4bd2.jpg,w_d405854
394230154.jpg,w_d405854
3a17193ce.jpg,w_d405854
3a2ed0679.jpg,w_d405854
40dc47ffd.jpg,w_d405854
437aee14b.jpg,w_d405854
4b1c34028.jpg,w_d405854
4b71fcc56.jpg,w_d405854
4f3966d79.jpg,w_d405854
51a8fe7f6.jpg,w_d405854
589d15a99.jpg,w_d405854
5ce76306e.jpg,w_d405854
614c4e4d5.jpg,w_d405854
63b5408c3.jpg,w_d405854
66dcffd2c.jpg,w_d405854
694146fe2.jpg,w_d405854
6d6731bbb.jpg,w_d405854
74e0e92c8.jpg,w_d405854
8b4685c68.jpg,w_d405854
93b9258bb.jpg,w_d405854
a39babc55.jpg,w_d405854
aab0492a5.jpg,w_d405854
ae0ad16af.jpg,w_d405854
b0d58b9dc.jpg,w_d405854
b164640dd.jpg,w_d405854
b51bbe347.jpg,w_d405854
b8322e903.jpg,w_d405854
c001e5701.jpg,w_d405854
c776f45d4.jpg,w_d405854
cff0ae681.jpg,w_d405854
d74c6a87d.jpg,w_d405854
d8c7e3aab.jpg,w_d405854
daff79e9f.jpg,w_d405854
e27fa52d9.jpg,w_d405854
e97bd5dac.jpg,w_d405854
ebcd4bbc5.jpg,w_d405854
f91ee6c5c.jpg,w_d405854
f972218c0.jpg,w_d405854
fa0a4a0df.jpg,w_d405854
fde621dec.jpg,w_d405854
ff84b05fd.jpg,w_d405854
023b99fbe.jpg,w_f0fe284
08258902a.jpg,w_f0fe284
14a82ef56.jpg,w_f0fe284
235f9c7ab.jpg,w_f0fe284
2aba65b94.jpg,w_f0fe284
3394c2f91.jpg,w_f0fe284
36b85f6c4.jpg,w_f0fe284
3aa71f2f2.jpg,w_f0fe284
4032df461.jpg,w_f0fe284
42bcb8cad.jpg,w_f0fe284
43caab2b3.jpg,w_f0fe284
464f2a505.jpg,w_f0fe284
5acff0e15.jpg,w_f0fe284
5df8b0e34.jpg,w_f0fe284
63ae28c53.jpg,w_f0fe284
63b58e77c.jpg,w_f0fe284
64e832cf4.jpg,w_f0fe284
70d484559.jpg,w_f0fe284
78abbd668.jpg,w_f0fe284
7a9f119f3.jpg,w_f0fe284
82efb5d40.jpg,w_f0fe284
84c7e1b82.jpg,w_f0fe284
97a53ee82.jpg,w_f0fe284
9d123ed9b.jpg,w_f0fe284
a75ddf70c.jpg,w_f0fe284
adfed28d2.jpg,w_f0fe284
b0fdf3986.jpg,w_f0fe284
bbb058f60.jpg,w_f0fe284
bd10665bf.jpg,w_f0fe284
c34636b03.jpg,w_f0fe284
c38f449cf.jpg,w_f0fe284
c8cec152d.jpg,w_f0fe284
c970f3b94.jpg,w_f0fe284
d0cd60d12.jpg,w_f0fe284
d328a3d97.jpg,w_f0fe284
d831d28ee.jpg,w_f0fe284
daa946056.jpg,w_f0fe284
e38a8dd34.jpg,w_f0fe284
e4f4c72d3.jpg,w_f0fe284
e5812ff28.jpg,w_f0fe284
e782803cb.jpg,w_f0fe284
ecf3e871d.jpg,w_f0fe284
efbf30b18.jpg,w_f0fe284
f6123925b.jpg,w_f0fe284
ffad54783.jpg,w_f0fe284
0e76405ec.jpg,w_789c969
0e8f0ab91.jpg,w_789c969
1354e606d.jpg,w_789c969
18459a654.jpg,w_789c969
1a9c5c970.jpg,w_789c969
2f0c584a4.jpg,w_789c969
31567a90b.jpg,w_789c969
339a1dd43.jpg,w_789c969
3789745b6.jpg,w_789c969
431fc772a.jpg,w_789c969
43358eff6.jpg,w_789c969
45faf2436.jpg,w_789c969
582bafa02.jpg,w_789c969
58a1e51f4.jpg,w_789c969
730459848.jpg,w_789c969
7f5dde0c7.jpg,w_789c969
803946295.jpg,w_789c969
81c947c7a.jpg,w_789c969
85f87740e.jpg,w_789c969
870b8b595.jpg,w_789c969
8eb5c001d.jpg,w_789c969
94d4c88f4.jpg,w_789c969
9640f0a22.jpg,w_789c969
a9269fb58.jpg,w_789c969
b5ac2ba79.jpg,w_789c969
b71654304.jpg,w_789c969
b8de9430a.jpg,w_789c969
bef8b9993.jpg,w_789c969
bfa4fa9be.jpg,w_789c969
c0f29c6b1.jpg,w_789c969
d30cfb07e.jpg,w_789c969
d40a1e776.jpg,w_789c969
d6a8809fa.jpg,w_789c969
d81c546a4.jpg,w_789c969
dc3a7edf4.jpg,w_789c969
dd041f390.jpg,w_789c969
e4c49579a.jpg,w_789c969
ebec16064.jpg,w_789c969
f0028a2f5.jpg,w_789c969
f14c33d69.jpg,w_789c969
f17de8e68.jpg,w_789c969
f20583f8c.jpg,w_789c969
f22f11eaf.jpg,w_789c969
fd4b47fb7.jpg,w_789c969
ff36a2019.jpg,w_789c969
0af034423.jpg,w_343f088
26ae5863f.jpg,w_343f088
2e21c23b9.jpg,w_343f088
30a64fe34.jpg,w_343f088
3383ded65.jpg,w_343f088
433ee5312.jpg,w_343f088
43bb255c1.jpg,w_343f088
4bfe3d0d0.jpg,w_343f088
4ea1bbd63.jpg,w_343f088
4eed9e7a1.jpg,w_343f088
55cbcaf6b.jpg,w_343f088
5cc780f07.jpg,w_343f088
667c90122.jpg,w_343f088
67e3cdee7.jpg,w_343f088
686d57191.jpg,w_343f088
6cda24a0a.jpg,w_343f088
6e44bd0b4.jpg,w_343f088
71aec5a1e.jpg,w_343f088
76f1e88fd.jpg,w_343f088
7b462c006.jpg,w_343f088
7c74186f5.jpg,w_343f088
7d43ae922.jpg,w_343f088
7ed1f38f1.jpg,w_343f088
81461594e.jpg,w_343f088
8e0e5517a.jpg,w_343f088
8f339c26a.jpg,w_343f088
9096ab87b.jpg,w_343f088
9172d9eab.jpg,w_343f088
91b25cfc6.jpg,w_343f088
950f1d39e.jpg,w_343f088
97a91e5ef.jpg,w_343f088
9c4f89399.jpg,w_343f088
acab08a7f.jpg,w_343f088
bad328573.jpg,w_343f088
bf14ad737.jpg,w_343f088
d14c4714a.jpg,w_343f088
d485815e6.jpg,w_343f088
d51a9f9e4.jpg,w_343f088
e76ef67bf.jpg,w_343f088
fefec451f.jpg,w_343f088
009687166.jpg,w_778e474
046332912.jpg,w_778e474
0c70b164e.jpg,w_778e474
11647e6fe.jpg,w_778e474
1962317c5.jpg,w_778e474
1c26e9930.jpg,w_778e474
1f336b396.jpg,w_778e474
26f6feb14.jpg,w_778e474
2f0b71e98.jpg,w_778e474
3332c21d6.jpg,w_778e474
35a653e6f.jpg,w_778e474
37bc1b579.jpg,w_778e474
3a61214c7.jpg,w_778e474
5bf44258a.jpg,w_778e474
5f9d88a4e.jpg,w_778e474
614c737c2.jpg,w_778e474
63fd8d183.jpg,w_778e474
6f750f414.jpg,w_778e474
7798cad6e.jpg,w_778e474
800ac9c4c.jpg,w_778e474
8918091ee.jpg,w_778e474
95673e4a5.jpg,w_778e474
97ee6dd93.jpg,w_778e474
9bc5fab00.jpg,w_778e474
9eeb016f8.jpg,w_778e474
9f392b088.jpg,w_778e474
9f6db48cd.jpg,w_778e474
a7505ae38.jpg,w_778e474
a80048f38.jpg,w_778e474
adeac8d96.jpg,w_778e474
b3c54d7f4.jpg,w_778e474
b4bf04f52.jpg,w_778e474
bab4d252a.jpg,w_778e474
c14e06a14.jpg,w_778e474
c97a43770.jpg,w_778e474
cfaa9994d.jpg,w_778e474
dcb28a2f9.jpg,w_778e474
e51e83656.jpg,w_778e474
f4b6fc1b7.jpg,w_778e474
f7b8c2685.jpg,w_778e474
04448a8ce.jpg,w_5e8e218
0458c300b.jpg,w_5e8e218
0559d1986.jpg,w_5e8e218
3a1af3857.jpg,w_5e8e218
488d984b2.jpg,w_5e8e218
4932b7456.jpg,w_5e8e218
4dc665d8f.jpg,w_5e8e218
54cf1e896.jpg,w_5e8e218
550f4cbe5.jpg,w_5e8e218
5992204a9.jpg,w_5e8e218
6c9582ded.jpg,w_5e8e218
6e42ecb6f.jpg,w_5e8e218
6f515a33f.jpg,w_5e8e218
6f58c9ded.jpg,w_5e8e218
705d108fa.jpg,w_5e8e218
74ce64b9d.jpg,w_5e8e218
81c910b6e.jpg,w_5e8e218
822526061.jpg,w_5e8e218
83b05a2f1.jpg,w_5e8e218
8bdec57b5.jpg,w_5e8e218
8dc9c679e.jpg,w_5e8e218
9e8998a35.jpg,w_5e8e218
ad739e36a.jpg,w_5e8e218
b51e0d23b.jpg,w_5e8e218
b5269b15f.jpg,w_5e8e218
b5fdf9f5f.jpg,w_5e8e218
b68d3920f.jpg,w_5e8e218
b75579156.jpg,w_5e8e218
bd88ef217.jpg,w_5e8e218
c0f0b10b5.jpg,w_5e8e218
c2bb588a1.jpg,w_5e8e218
c55866e2f.jpg,w_5e8e218
c5d3a7dd5.jpg,w_5e8e218
c99beffb2.jpg,w_5e8e218
cdff47d01.jpg,w_5e8e218
e25dbc1e9.jpg,w_5e8e218
e8782b0c4.jpg,w_5e8e218
f2018fd4f.jpg,w_5e8e218
fb140350a.jpg,w_5e8e218
fbe31a29d.jpg,w_5e8e218
00fee3975.jpg,w_a9304b9
042a3d0b3.jpg,w_a9304b9
0b25273c7.jpg,w_a9304b9
180a18d6e.jpg,w_a9304b9
192c8a374.jpg,w_a9304b9
1964299d3.jpg,w_a9304b9
22fc9b132.jpg,w_a9304b9
2dd2388d6.jpg,w_a9304b9
37e677fe3.jpg,w_a9304b9
3833dd9ab.jpg,w_a9304b9
392032607.jpg,w_a9304b9
419d217ac.jpg,w_a9304b9
501d4b884.jpg,w_a9304b9
519d17b05.jpg,w_a9304b9
527cd75e6.jpg,w_a9304b9
619d16c96.jpg,w_a9304b9
709817b91.jpg,w_a9304b9
7c3ed439b.jpg,w_a9304b9
88285e65a.jpg,w_a9304b9
9559af634.jpg,w_a9304b9
95a9f8b28.jpg,w_a9304b9
9a3ea3da2.jpg,w_a9304b9
a610046fd.jpg,w_a9304b9
a6e02dfd4.jpg,w_a9304b9
b37f0ed5a.jpg,w_a9304b9
b4cb30afd.jpg,w_a9304b9
b69238dcd.jpg,w_a9304b9
b6ad10581.jpg,w_a9304b9
b75fc18b7.jpg,w_a9304b9
cd718a734.jpg,w_a9304b9
ceefe609f.jpg,w_a9304b9
d8f13c4a3.jpg,w_a9304b9
ddb537ff2.jpg,w_a9304b9
e021d7ca2.jpg,w_a9304b9
e6010e078.jpg,w_a9304b9
eab9d8d27.jpg,w_a9304b9
efae7b997.jpg,w_a9304b9
076271ee1.jpg,w_60ce6fc
0a9c17b5c.jpg,w_60ce6fc
0bd64cea3.jpg,w_60ce6fc
0ca116d49.jpg,w_60ce6fc
2685cec63.jpg,w_60ce6fc
2c2ae6eee.jpg,w_60ce6fc
2c36f0bfe.jpg,w_60ce6fc
2e5cf6ca3.jpg,w_60ce6fc
444b09aca.jpg,w_60ce6fc
449c708d3.jpg,w_60ce6fc
55923143f.jpg,w_60ce6fc
5eec0e510.jpg,w_60ce6fc
685ace397.jpg,w_60ce6fc
6eff46d98.jpg,w_60ce6fc
772734376.jpg,w_60ce6fc
794e5798b.jpg,w_60ce6fc
8364a2478.jpg,w_60ce6fc
848acc823.jpg,w_60ce6fc
90d8c5875.jpg,w_60ce6fc
9b484f982.jpg,w_60ce6fc
9e1e3cea4.jpg,w_60ce6fc
a3e33a804.jpg,w_60ce6fc
a95733a8a.jpg,w_60ce6fc
adceba36f.jpg,w_60ce6fc
b31c3266c.jpg,w_60ce6fc
ba8a7dc70.jpg,w_60ce6fc
bdba204a4.jpg,w_60ce6fc
be640ba7c.jpg,w_60ce6fc
d2ab37982.jpg,w_60ce6fc
de6a45e1f.jpg,w_60ce6fc
df6a26675.jpg,w_60ce6fc
e01aed61a.jpg,w_60ce6fc
e59f79383.jpg,w_60ce6fc
ed11813d6.jpg,w_60ce6fc
f0e209e32.jpg,w_60ce6fc
f1bf12781.jpg,w_60ce6fc
f949c10a5.jpg,w_60ce6fc
140138c6e.jpg,w_5a2634c
14f4f5227.jpg,w_5a2634c
1ac3c3ee9.jpg,w_5a2634c
1db0fda46.jpg,w_5a2634c
20113607f.jpg,w_5a2634c
269cf0855.jpg,w_5a2634c
3481cc906.jpg,w_5a2634c
386098eae.jpg,w_5a2634c
3d2886169.jpg,w_5a2634c
3f7010135.jpg,w_5a2634c
4f29124ec.jpg,w_5a2634c
5391283ef.jpg,w_5a2634c
5561f8dc0.jpg,w_5a2634c
5642c4551.jpg,w_5a2634c
62a5c0e8d.jpg,w_5a2634c
6e9c8d590.jpg,w_5a2634c
751b4e78b.jpg,w_5a2634c
814ebcb37.jpg,w_5a2634c
83171df9f.jpg,w_5a2634c
874265bdf.jpg,w_5a2634c
8a1a25dab.jpg,w_5a2634c
99a37f4d6.jpg,w_5a2634c
a4c04ab5f.jpg,w_5a2634c
abeefc412.jpg,w_5a2634c
ad7e97517.jpg,w_5a2634c
ae4b997a9.jpg,w_5a2634c
af62665ab.jpg,w_5a2634c
c0cdf05b3.jpg,w_5a2634c
c712e442b.jpg,w_5a2634c
ca07480bd.jpg,w_5a2634c
cad98076d.jpg,w_5a2634c
cafbd07fa.jpg,w_5a2634c
d000a71ca.jpg,w_5a2634c
d323a5828.jpg,w_5a2634c
edc1e0171.jpg,w_5a2634c
f49897dde.jpg,w_5a2634c
f98a05749.jpg,w_5a2634c
008bf89fc.jpg,w_6822dbc
0e8b29965.jpg,w_6822dbc
16071bd79.jpg,w_6822dbc
18fc415d3.jpg,w_6822dbc
2c62c3ecf.jpg,w_6822dbc
2cf66d73c.jpg,w_6822dbc
45c6afdfc.jpg,w_6822dbc
5d719d1a5.jpg,w_6822dbc
612f4bdc6.jpg,w_6822dbc
65131b5fc.jpg,w_6822dbc
651dce4fb.jpg,w_6822dbc
69e6411ab.jpg,w_6822dbc
6e6b5f889.jpg,w_6822dbc
7c1527873.jpg,w_6822dbc
7c1918c93.jpg,w_6822dbc
81027efba.jpg,w_6822dbc
8d7bac324.jpg,w_6822dbc
931eb7c8e.jpg,w_6822dbc
9db59ed83.jpg,w_6822dbc
a12b720e8.jpg,w_6822dbc
a9d9f3586.jpg,w_6822dbc
c1213fae6.jpg,w_6822dbc
c29a8434c.jpg,w_6822dbc
c543ba12b.jpg,w_6822dbc
cbdb2c0d7.jpg,w_6822dbc
ce274d9fc.jpg,w_6822dbc
ceedae923.jpg,w_6822dbc
d195047d1.jpg,w_6822dbc
da1a05862.jpg,w_6822dbc
da201ac16.jpg,w_6822dbc
db1f8e748.jpg,w_6822dbc
dfecf1c15.jpg,w_6822dbc
e8f54be4a.jpg,w_6822dbc
e9fec27e1.jpg,w_6822dbc
eafcab532.jpg,w_6822dbc
f90d5f362.jpg,w_6822dbc
